﻿{"cameraMode":{"drawMode":0,"name":"Shaded","section":"Shading Mode"},"sceneLighting":true,"audioPlay":false,"sceneViewState":{"showFog":true,"showMaterialUpdate":false,"showSkybox":true,"showFlares":true,"showImageEffects":true,"showParticleSystems":true},"in2DMode":false,"pivot":{"x":-73.60224914550781,"y":50.76600646972656,"z":460.0224609375},"rotation":{"x":0.07382014393806458,"y":-0.9200571179389954,"z":0.32164251804351809,"w":0.2111670821905136},"size":1033.63232421875,"orthographic":false}