﻿{"cameraMode":{"drawMode":0,"name":"Shaded","section":"Shading Mode"},"sceneLighting":true,"audioPlay":false,"sceneViewState":{"showFog":true,"showMaterialUpdate":false,"showSkybox":true,"showFlares":true,"showImageEffects":true,"showParticleSystems":true},"in2DMode":false,"pivot":{"x":6.986772537231445,"y":3.19692325592041,"z":-1.0326693058013917},"rotation":{"x":-0.08569855988025665,"y":-0.0113605298101902,"z":0.0009776147780939937,"w":-0.9962558746337891},"size":161.23976135253907,"orthographic":false}